<?xml version="1.0" encoding="ISO-8859-1" ?>

<!DOCTYPE struts-config PUBLIC
          "-//Apache Software Foundation//DTD Struts Configuration 1.2//EN"
          "http://jakarta.apache.org/struts/dtds/struts-config_1_2.dtd">

<struts-config>
		
	<!-- ========== Global Forward Definitions ============================== -->
	<global-forwards>
	</global-forwards>
	
	<!-- ========== Action Mapping Definitions ============================== -->
	<action-mappings>

        <action
			input="/wml/mgr/link_add.vm"
			name="linkForm"
			validate="false"
            path="/wml/link"
            scope="request"
            type="com.liusoft.dlog4j.action.LinkAction">
			
			<forward name="links" path="/wml/mgr/links.vm"/>
			<forward name="msgbox"   path="/wml/_sub/_msgbox.vm"/>
						
		</action>        
		
        <action
			name="siteForm"
			validate="false"
            path="/wml/sitemgr/site"
            scope="request"
            type="com.liusoft.dlog4j.action.EditSiteAction">
			
			<forward name="settings" path="/wml/mgr/" redirect="true"/>
			<forward name="funcs-setting" path="/wml/mgr/funcs.vm" redirect="true"/>
			<forward name="editsite" path="/wml/mgr/editsite.vm" redirect="true"/>
			<forward name="modify_name" path="/wml/mgr/modify_name.vm"/>
			<forward name="modify_detail" path="/wml/mgr/modify_resume.vm"/>
			<forward name="modify_title" path="/wml/mgr/modify_title.vm"/>
			<forward name="msgbox"   path="/wml/_sub/_msgbox.vm"/>
			
			
		</action>        
		
        <action
			input="/wml/newsite.vm"
			name="siteForm"
			validate="false"
            path="/wml/site"
            scope="request"
            type="com.liusoft.dlog4j.action.DlogAction">
			
			<forward name="newsite" path="/wml/newsite.vm"/>
			<forward name="msgbox"   path="/wml/_sub/_msgbox.vm"/>
			
        </action>
		
        <action
			name="userForm"
			validate="false"
            path="/wml/user"
            scope="request"
            type="com.liusoft.dlog4j.action.DlogAction">
			
			<forward name="home" path="/wml/" redirect="true"/>
			<forward name="main" path="/wml/" redirect="true"/>
			<forward name="login" path="/wml/login.vm"/>
			<forward name="reg" path="/wml/reguser.vm"/>
			<forward name="reg-ok" path="/wml/regok.vm" redirect="true"/>
			<forward name="edituser" path="/wml/user/_modify.vm"/>
			<forward name="viewuser" path="/wml/myprofile.vm"/>
			<forward name="msgbox"   path="/wml/_sub/_msgbox.vm"/>	
					
			<forward name="show_f"   path="/wml/show_f_group.vm"/>	
			
        </action>
		
        <action
			name="gBookForm"
			validate="false"
            path="/wml/guestbook"
            scope="request"
            type="com.liusoft.dlog4j.action.GuestBookAction">	
			
			<forward name="list" path="/wml/guestbook.vm" redirect="true"/>
			<forward name="pub"  path="/wml/guestbook_pub.vm"/>
			<forward name="reply"  path="/wml/guestbook_rpl.vm"/>
					
        </action>
		
        <action
			name="diaryForm"
			validate="false"
            path="/wml/diary"
            scope="request"
            type="com.liusoft.dlog4j.action.DiaryAction">
			
			<forward name="diary" path="/wml/diary/" redirect="true"/>
			<forward name="draft" path="/wml/diary/drafts.vm" redirect="true"/>
			<forward name="trash" path="/wml/diary/trash.vm"/>
			<forward name="addlog" path="/wml/diary/write.vm"/>
			<forward name="editlog" path="/wml/diary/edit.vm"/>
			<forward name="showlog" path="/wml/diary/show.vm" redirect="true"/>
			<forward name="upload" path="/wml/diary/upload.vm"/>
			<forward name="msgbox"   path="/wml/_sub/_msgbox.vm"/>
			
        </action>
		
        <action
			name="replyForm"
			validate="false"
            path="/wml/reply"
            scope="request"
            type="com.liusoft.dlog4j.action.ReplyAction">
						
			<forward name="diary-enter-reply" path="/wml/diary/reply.vm"/>
			<forward name="photo-enter-reply" path="/wml/photo/reply.vm"/>
			<forward name="showlog" path="/wml/diary/show.vm"/>
			<forward name="showphoto" path="/wml/photo/show.vm"/>
			
			<forward name="diary" path="/wml/diary/" redirect="true"/>
			<forward name="photo" path="/wml/photo/" redirect="true"/>
			<forward name="msgbox"   path="/wml/_sub/_msgbox.vm"/>
			
        </action>
		
        <action
			input="/wml/photo/album_add.vm"
			name="albumForm"
			validate="false"
            path="/wml/album"
            scope="request"
            type="com.liusoft.dlog4j.action.AlbumAction">
			
			<forward name="albums" path="/wml/photo/" redirect="true"/>
			<forward name="photos" path="/wml/photo/photos.vm" redirect="true"/>
			<forward name="album_move" path="/wml/photo/album_move.vm"/>
			<forward name="album_add" path="/wml/photo/album_add.vm"/>
			<forward name="album_edit" path="/wml/photo/album_edit.vm"/>
			
        </action>
		
        <action
			name="photoForm"
			validate="false"
            path="/wml/photo"
            scope="request"
            type="com.liusoft.dlog4j.action.PhotoAction">
			
			<forward name="photo_share" path="/wml/photo/share.vm"/>
			<forward name="photo_album" path="/wml/photo/" redirect="true"/>
			<forward name="photo_upload" path="/wml/photo/upload.vm"/>
			<forward name="photo_edit" path="/wml/photo/edit.vm"/>
			<forward name="photo_show" path="/wml/photo/show.vm"/>
			
        </action>
		
        <action
			name="gBookForm"
			validate="false"
            path="/wml/guestbook"
            scope="request"
            type="com.liusoft.dlog4j.action.GuestBookAction">	
			
			<forward name="list" path="/wml/guestbook.vm" redirect="true"/>
			<forward name="pub"  path="/wml/guestbook_pub.vm"/>
					
        </action>
		
        <action
			name="messageForm"
			validate="false"
            path="/wml/message"
            scope="request"
            type="com.liusoft.dlog4j.action.MessageAction">	
			
			<forward name="send" path="/wml/sendmsg.vm"/>
			<forward name="sendok" path="/wml/listmsg.vm" redirect="true"/>
			<forward name="msgs" path="/wml/listmsg.vm" redirect="true"/>
					
        </action>
		
        <action
			name="BBSTopicForm"
			validate="false"
            path="/wml/bbs/topic"
            scope="request"
            type="com.liusoft.dlog4j.action.BBSUserAction">	
			
			<forward name="bbs" path="/wml/bbs/" redirect="true"/>
			<forward name="forum" path="/wml/bbs/forum.vm" redirect="true"/>
			<forward name="topic" path="/wml/bbs/topic.vm" redirect="true"/>
			<forward name="new_topic" path="/wml/bbs/new_topic.vm"/>
			<forward name="edit_topic" path="/wml/bbs/edit_topic.vm"/>
			
        </action>
		
        <action
			name="BBSReplyForm"
			validate="false"
            path="/wml/bbs/reply"
            scope="request"
            type="com.liusoft.dlog4j.action.BBSUserAction">	
			
			<forward name="forum" path="/wml/bbs/forum.vm" redirect="true"/>
			<forward name="topic" path="/wml/bbs/topic.vm" redirect="true"/>
			<forward name="new_reply" path="/wml/bbs/reply.vm"/>
			<forward name="edit_reply" path="/wml/bbs/edit_reply.vm"/>
			
        </action>
		
        <action
			input="/wml/bbs/search.vm"
			name="BBSSearchForm"
			validate="false"
            path="/wml/bbs/search"
            scope="request"
            type="com.liusoft.dlog4j.action.BBSSearchAction">	
			
			<forward name="home" path="/wml/bbs/" redirect="true"/>
			<forward name="forum" path="/wml/bbs/forum.vm"/>
			
        </action>
		
        <action
			name="bookmarkForm"
			validate="false"
            path="/wml/bookmark"
            scope="request"
            type="com.liusoft.dlog4j.action.BookmarkAction">	
			
			<forward name="bookmark" path="/wml/bookmark.vm"/>
			<forward name="msgbox"   path="/wml/_sub/_msgbox.vm"/>	
					
        </action>
		
        <action
			input="/wml/diary/catalog_add.vm"
			name="catalogForm"
			validate="false"
            path="/wml/catalog"
            scope="request"
            type="com.liusoft.dlog4j.action.CatalogAction">
			
			<forward name="catalogs" path="/wml/diary/catalogs.vm" redirect="true"/>
			
        </action>
		
	</action-mappings>

    <message-resources parameter="wml" key="wml"/>
	
</struts-config>
