<?xml version="1.0" encoding="UTF-8"?>
<beans xmlns="http://www.springframework.org/schema/beans" xmlns:xsi="http://www.w3.org/2001/XMLSchema-instance"
    xsi:schemaLocation="http://www.springframework.org/schema/beans http://www.springframework.org/schema/beans/spring-beans-3.1.xsd"
    default-lazy-init="true">
    
    <description>log4j Configuration</description>

    <bean id="log4jInitialization" class="org.springframework.beans.factory.config.MethodInvokingFactoryBean">
        <property name="targetClass" value="org.springframework.util.Log4jConfigurer"/>
        <property name="targetMethod" value="initLogging"/>
        <property name="arguments">
            <list>
                <value>classpath:log4j.xml</value>
                <value>60000</value>
            </list>
        </property>
    </bean>

</beans>