<?xml version="1.0" encoding="UTF-8"?>
<actions>
    <action>
        <actionName>CUSTOM-jetty-debug</actionName>
        <displayName>jetty-debug</displayName>
        <goals>
            <goal>jetty:run</goal>
        </goals>
        <properties>
            <jpda.listen>maven</jpda.listen>
        </properties>
    </action>
    <action>
        <actionName>CUSTOM-release</actionName>
        <displayName>release</displayName>
        <goals>
            <goal>clean</goal>
            <goal>min:min</goal>
            <goal>license:format</goal>
            <goal>install</goal>
        </goals>
    </action>
    <action>
        <actionName>CUSTOM-license-check</actionName>
        <displayName>license-check</displayName>
        <goals>
            <goal>license:check</goal>
        </goals>
    </action>
    <action>
        <actionName>CUSTOM-license-format</actionName>
        <displayName>license-format</displayName>
        <goals>
            <goal>license:format</goal>
        </goals>
    </action>
</actions>
