<?xml version="1.0" encoding="UTF-8" ?>
<!DOCTYPE log4j:configuration SYSTEM "log4j.dtd">
<log4j:configuration xmlns:log4j="http://jakarta.apache.org/log4j/">

	<appender name="STDOUT" class="org.apache.log4j.ConsoleAppender">
		<layout class="org.apache.log4j.PatternLayout">
			<param name="ConversionPattern"
				value="%d{HH:mm:ss} [%t] %-5p %c %x - %m%n" />
		</layout>
		<filter class="org.apache.log4j.varia.LevelRangeFilter">
			<param name="LevelMin" value="DEBUG" />
			<param name="LevelMax" value="ERROR" />
		</filter>
	</appender>
	
	<appender name="DEBUG"
		class="com.cplatform.log.DatedFileAppender">
		<param name="File" value="../logs/%yyyy%mm/%dd/debug" />
		<param name="Append" value="true" />
		<layout class="org.apache.log4j.PatternLayout">
			<param name="ConversionPattern" value="%d{HH:mm:ss} [%t] %-5p %c %x - %m%n" />
		</layout>
		<filter class="org.apache.log4j.varia.LevelRangeFilter">
			<param name="LevelMin" value="DEBUG" />
			<param name="LevelMax" value="DEBUG" />
		</filter>
	</appender>
	
	<appender name="INFO"
		class="com.cplatform.log.DatedFileAppender">
		<param name="File" value="../logs/%yyyy%mm/%dd/info" />
		<param name="Append" value="true" />
		<layout class="org.apache.log4j.PatternLayout">
			<param name="ConversionPattern" value="%d{HH:mm:ss} [%t] %-5p %c %x - %m%n" />
		</layout>
		<filter class="org.apache.log4j.varia.LevelRangeFilter">
			<param name="LevelMin" value="INFO" />
			<param name="LevelMax" value="INFO" />
		</filter>
	</appender>
	<appender name="ERROR"
		class="com.cplatform.log.DatedFileAppender">
		<param name="File" value="../logs/%yyyy%mm/%dd/error" />
		<param name="Append" value="true" />
		<layout class="org.apache.log4j.PatternLayout">
			<param name="ConversionPattern" value="%d{HH:mm:ss} [%t] %-5p %c %x - %m%n" />
		</layout>
		<filter class="org.apache.log4j.varia.LevelRangeFilter">
			<param name="LevelMin" value="WARN" />
			<param name="LevelMax" value="FATAL" />
		</filter>
	</appender>
	<appender name="LUCKY" class="com.cplatform.log.DatedFileAppender">
		<param name="File" value="../logs/%yyyy%mm/%dd/lucky" />
		<param name="Append" value="true" />
		<param name="BufferedIO" value="false" />
		<layout class="org.apache.log4j.PatternLayout">
			<param name="ConversionPattern" value="%d %c %m%n" />
		</layout>
		<filter class="org.apache.log4j.varia.LevelRangeFilter">
			<param name="LevelMin" value="INFO" />
			<param name="LevelMax" value="ERROR" />
		</filter>
	</appender>

	<logger name="com.cplatform">
		<level value="debug" />
	</logger>
	
	<root>
		<priority value="warn" />
		<appender-ref ref="STDOUT" />
		<appender-ref ref="DEBUG" />
		<appender-ref ref="ERROR" />
		<appender-ref ref="INFO" />
	</root>
</log4j:configuration>