<?xml version="1.0" encoding="UTF-8"?>
<ehcache xmlns:xsi="http://www.w3.org/2001/XMLSchema-instance"
	xsi:noNamespaceSchemaLocation="ehcache.xsd">

    <!--  当内存缓存中对象数量超过类设置内存缓存数量时，将缓存对象写到硬盘，path=”java.io.tmpdir”表示把数据写到这个目录下。Java.io.tmpdir目录在运行时会根据相对路径生成。 -->
    <!-- 
        java.io.tmpdir：默认的临时文件存放路径。
        user.home：用户的主目录。
        user.dir：用户的当前工作目录，即当前程序所对应的工作路径。
                        其它通过命令行指定的系统属性，如“java –DdiskStore.path=D:\\abc ……”。
        path可以根据需要自由指定路径
     -->
	<diskStore path="D:\\Ehcache" />
	
  
    <!-- <terracottaConfig url="localhost:9510"/> --> <!--terracotta服务器配置,默认端口为9510,多个服务器用,分隔 url="192.168.1.1:9510,192.168.1.2:9510" -->
    
<!--  RMI集群配置示例
    rmi远程cache服务     
    <cacheManagerPeerProviderFactory
        class="net.sf.ehcache.distribution.RMICacheManagerPeerProviderFactory"
        properties="peerDiscovery=manual,
            socketTimeoutMillis=2000,
            rmiUrls=//10.79.6.172:40000/baseParam" />
    rmi本地cache服务
    <cacheManagerPeerListenerFactory
        class="net.sf.ehcache.distribution.RMICacheManagerPeerListenerFactory"
        properties="hostName=10.79.6.177, port=40000, socketTimeoutMillis=2000" />
        
    <cache name="baseParam" 
        maxElementsInMemory="1000" 
        eternal="false"
        timeToIdleSeconds="2000"
            timeToLiveSeconds="2000" 
        overflowToDisk="false">
        <cacheEventListenerFactory
            class="net.sf.ehcache.distribution.RMICacheReplicatorFactory"
            properties="replicateAsynchronously=true, replicatePuts=true, 
                    replicatePutsViaCopy=true, replicateUpdates=true, 
                    replicateUpdatesViaCopy=true, replicateRemovals=true, 
                    asynchronousReplicationIntervalMillis=200" />
    </cache>
-->
	    
    <!-- 必须配置，不配置将报错 -->
   <defaultCache  
        maxEntriesLocalHeap="100000"  
        maxEntriesLocalDisk="10485760"
        eternal="false"  
        timeToIdleSeconds="86400"
        timeToLiveSeconds="604800"
        diskSpoolBufferSizeMB="30"  
        diskExpiryThreadIntervalSeconds="120"
        memoryStoreEvictionPolicy="LRU">  
        <persistence strategy="localTempSwap"/>
    </defaultCache>
       
       
    
	<!-- 
	☆为必填属性
	   cache元素中可以指定的属性也有很多，但只有一个是必须的。那就是name属性。
      ☆           name：指定cache的名称。
       maxEntriesLocalDisk：指定允许在硬盘上存放元素的最大数量，0表示不限制。这个属性我们也可以在运行期通过CacheConfiguration来更改。
      ☆           maxEntriesLocalHeap(等同于旧元素maxElementsInMemory)：指定允许在内存中存放元素的最大数量，0表示不限制。这个属性也可以在运行期动态修改。
            1、若overflowToDisk(新属性为persistence)的属性值为true，会将cache中多出的元素放入磁盘文件中。
            2、若overflowToDisk(新属性为persistence)的属性值为false，会根据memoryStoreEvictionPolicy的策略替换cache中原有的元素
       maxEntriesInCache：指定缓存中允许存放元素的最大数量。这个属性也可以在运行期动态修改。但是这个属性只对Terracotta分布式缓存有用。
       maxBytesLocalDisk：指定当前缓存能够使用的硬盘的最大字节数，其值可以是数字加单位，单位可以是K、M或者G，不区分大小写，如：30G。当在CacheManager级别指定了该属性后，Cache级别也可以用百分比来表示，如：60%，表示最多使用CacheManager级别指定硬盘容量的60%。该属性也可以在运行期指定。当指定了该属性后会隐式的使当前Cache的overflowToDisk为true。
       maxBytesLocalHeap：指定当前缓存能够使用的堆内存的最大字节数，其值的设置规则跟maxBytesLocalDisk是一样的。
       maxBytesLocalOffHeap：指定当前Cache允许使用的非堆内存的最大字节数。当指定了该属性后，会使当前Cache的overflowToOffHeap的值变为true，如果我们需要关闭overflowToOffHeap，那么我们需要显示的指定overflowToOffHeap的值为false。
       overflowToDisk（新元素persistence）：boolean类型，默认为false。当内存里面的缓存已经达到预设的上限时是否允许将按驱除策略驱除的元素保存在硬盘上，默认是LRU（最近最少使用）。
                          当指定为false的时候表示缓存信息不会保存到磁盘上，只会保存在内存中。该属性现在已经废弃，推荐使用cache元素的子元素persistence来代替，
                          如：<persistence strategy="localTempSwap"/>。
            strategy:localRestartable：仅在使用Ehcache企业版时有效。启用RestartStore，拷贝所有的缓存项（包含堆和非堆中的）到磁盘中，此选项提供了缓存快速重启能力以及对磁盘上缓存的容错能力。 
			 localTempSwap：当缓存容量达到上限时，将缓存对象 （包含堆和非堆中的）交换到磁盘中。"localTempSwap" 并不持久化缓存内容。  
			   none：不持久化缓存内容。 
			 distributed：按照<terracotta>标签配置的持久化方式执行。非分布式部署时，此选项不可用。
			synchronousWrites：此属性仅在strategy="localRestartable"时有意义。默认false。设置为true，缓存写入方法在缓存项成功写入磁盘前不会返回     
       diskSpoolBufferSizeMB：当往磁盘上写入缓存信息时缓冲区的大小，单位是MB，默认是30。
       overflowToOffHeap：boolean类型，默认为false。表示是否允许Cache使用非堆内存进行存储，非堆内存是不受Java GC影响的。该属性只对企业版Ehcache有用。
       copyOnRead：当指定该属性为true时，我们在从Cache中读数据时取到的是Cache中对应元素的一个copy副本，而不是对应的一个引用。默认为false。
       copyOnWrite：当指定该属性为true时，我们在往Cache中写入数据时用的是原对象的一个copy副本，而不是对应的一个引用。默认为false。
       timeToIdleSeconds：单位是秒，表示一个元素所允许闲置的最大时间，也就是说一个元素在不被请求的情况下允许在缓存中待的最大时间。默认是0，表示不限制。
       timeToLiveSeconds：单位是秒，表示无论一个元素闲置与否，其允许在Cache中存在的最大时间。默认是0，表示不限制。
     ☆             eternal：boolean类型，表示是否永恒，默认为false。如果设为true，将忽略timeToIdleSeconds和timeToLiveSeconds，Cache内的元素永远都不会过期，也就不会因为元素的过期而被清除了。
       diskExpiryThreadIntervalSeconds ：单位是秒，表示多久检查元素是否过期的线程多久运行一次，默认是120秒。
       clearOnFlush：boolean类型。表示在调用Cache的flush方法时是否要清空MemoryStore。默认为true。
       memoryStoreEvictionPolicy：当内存里面的元素数量或大小达到指定的限制后将采用的驱除策略。 默认是LRU（最近最少使用），可选值还有LFU（最不常使用）和FIFO（先进先出）。
       diskPersistent设定在虚拟机重启时是否进行磁盘存储，默认为false
       transactionalMode="off" 使ehcache作为JTA事务的参与者，只需要如下属性
    -->
     
    <cache name="simpleCache" eternal="false" maxElementsInMemory="1" diskPersistent="true">
        <!-- <persistence strategy="localTempSwap"/> -->
    </cache>
    
    <cache name="userListCache"  
           maxEntriesLocalHeap="10"
           maxEntriesLocalDisk="1048576"
           eternal="false"
           timeToIdleSeconds="15"
           timeToLiveSeconds="30"
           memoryStoreEvictionPolicy="LFU">  
        <!-- 缓存监听器，监听缓存元素的过期、销毁等 --> 
        <!-- <cacheEventListenerFactory class="com.chavin.listener.CustomCacheEventListenerFactory" /> --> 
        <persistence strategy="localTempSwap"/>
        <!-- <terracotta/>   -->
    </cache>
   
     <cache name="SimplePageCachingFilter" 
        maxElementsInMemory="10000" 
        eternal="false"
        overflowToDisk="false" 
        timeToIdleSeconds="5"
        timeToLiveSeconds="60"
        memoryStoreEvictionPolicy="LFU" />

    <cache name="cache"  
        maxEntriesLocalHeap="303"
        maxEntriesLocalDisk="1048576"
        eternal="false"
        timeToIdleSeconds="10"
        timeToLiveSeconds="20"
        memoryStoreEvictionPolicy="LFU"
        overflowToDisk="true">
    </cache>  
    
    
</ehcache> 