<?xml version="1.0" encoding="UTF-8"?>
<beans xmlns="http://www.springframework.org/schema/beans"
	xmlns:xsi="http://www.w3.org/2001/XMLSchema-instance" xmlns:p="http://www.springframework.org/schema/p"
	xmlns:mvc="http://www.springframework.org/schema/mvc" xmlns:context="http://www.springframework.org/schema/context"
	xsi:schemaLocation="http://www.springframework.org/schema/beans 
		http://www.springframework.org/schema/beans/spring-beans-4.1.xsd
		http://www.springframework.org/schema/mvc 
		http://www.springframework.org/schema/mvc/spring-mvc-4.1.xsd
		http://www.springframework.org/schema/context 
		http://www.springframework.org/schema/context/spring-context-4.0.xsd">

    <!-- 注解驱动，可代替下列注释掉的代码 -->
    <mvc:annotation-driven >
        <mvc:message-converters register-defaults="true">
                <bean class="org.springframework.http.converter.StringHttpMessageConverter">
                    <property name="supportedMediaTypes">
                        <list>
                            <value>text/plain;charset=UTF-8</value>
                            <value>text/html; charset=UTF-8</value>
                            <value>application/json;charset=UTF-8</value>
                        </list>
                    </property>
                </bean>
                <bean class="org.springframework.http.converter.json.MappingJackson2HttpMessageConverter">
                    <property name="supportedMediaTypes">
                        <list>
                            <value>text/plain;charset=UTF-8</value>
                            <value>text/html; charset=UTF-8</value>
                            <value>application/json;charset=UTF-8</value>
                        </list>
                    </property>
                </bean>
        </mvc:message-converters>
    </mvc:annotation-driven>
    
    <!--注解映射器 -->
    <!-- <bean class="org.springframework.web.servlet.mvc.method.annotation.RequestMappingHandlerMapping"/> -->
    <!--注解适配器 -->
    <!-- <bean class="org.springframework.web.servlet.mvc.method.annotation.RequestMappingHandlerAdapter"/> -->
    

	<!-- 自动扫描器 -->
	<context:component-scan base-package="com.chavin.controll">
	   <context:include-filter type="annotation" expression="org.springframework.stereotype.Controller"/>
	</context:component-scan>
    
    <!-- 静态资源解析包括 ：js、css、img、..-->
    <mvc:resources location="/resource/" mapping="/resource/**"/>
    
    <mvc:default-servlet-handler/>

    <!-- 视图解析器 -->
    <bean id="viewResolver" class="org.springframework.web.servlet.view.InternalResourceViewResolver">
        <property name="viewClass">
            <value>org.springframework.web.servlet.view.JstlView</value>
        </property>
        <property name="prefix">
            <value>/</value>
        </property>
        <property name="suffix">
            <value>.jsp</value>
        </property>
    </bean>


</beans>