<?xml version="1.0" encoding="UTF-8"?>
<beans xmlns="http://www.springframework.org/schema/beans"  
    xmlns:xsi="http://www.w3.org/2001/XMLSchema-instance"  
    xmlns:context="http://www.springframework.org/schema/context"  
    xmlns:oxm="http://www.springframework.org/schema/oxm"  
    xmlns:mvc="http://www.springframework.org/schema/mvc"  
    xmlns:cache="http://www.springframework.org/schema/cache"
    xmlns:aop="http://www.springframework.org/schema/aop"
    xsi:schemaLocation="http://www.springframework.org/schema/mvc 
        http://www.springframework.org/schema/mvc/spring-mvc-3.2.xsd  
        http://www.springframework.org/schema/beans 
        http://www.springframework.org/schema/beans/spring-beans-3.2.xsd  
        http://www.springframework.org/schema/context 
        http://www.springframework.org/schema/context/spring-context-3.2.xsd
        http://www.springframework.org/schema/cache 
        http://www.springframework.org/schema/cache/spring-cache.xsd"> 

    <context:component-scan base-package="com.chavin">
        <context:exclude-filter type="annotation" expression="org.springframework.stereotype.Controller"/>
    </context:component-scan>
    
    <cache:annotation-driven cache-manager="cacheManager"/>  
    
    <!--  缓存  属性-->
    <bean id="cacheManagerFactory" class="org.springframework.cache.ehcache.EhCacheManagerFactoryBean">  
        <property name="configLocation"  value="classpath:ehcache.xml"/> 
	</bean> 
	
    <!-- 默认是cacheManager -->
    <bean id="cacheManager" class="org.springframework.cache.ehcache.EhCacheCacheManager">  
        <property name="cacheManager"  ref="cacheManagerFactory"/>  
    </bean>
    
    
</beans> 